<?xml version="1.0" encoding="UTF-8" ?>
<!DOCTYPE mapper PUBLIC "-//mybatis.org//DTD Mapper 3.0//EN" "http://mybatis.org/dtd/mybatis-3-mapper.dtd" >
<mapper namespace="com.example.second.dao.InformationDao">
    <resultMap id="BaseResultMap" type="com.example.second.entity.Information">
        <id column="id" property="id" jdbcType="BIGINT"/>
        <result column="title" property="title" jdbcType="VARCHAR"/>
        <result column="name" property="name" jdbcType="VARCHAR"/>
        <result column="type" property="type" jdbcType="VARCHAR"/>
        <result column="interpretion" property="interpretion" jdbcType="VARCHAR"/>
    </resultMap>
    <sql id="Base_Column_List">
        id, title, name, type, interpretion
    </sql>

    <select id="findAllInfos" resultType="com.example.second.entity.Information">
        select * from information
    </select>

    <insert id="addInfo" parameterType="com.example.second.entity.Information">
        insert into information
        <trim prefix="(" suffix=")" suffixOverrides=",">
            <if test="id != null">
                id,
            </if>
            <if test="title != null">
                title,
            </if>
            <if test="name != null">
                name,
            </if>
            <if test="type != null">
                type,
            </if>
            <if test="interpretion != null">
                interpretion,
            </if>
        </trim>
        <trim prefix="values (" suffix=")" suffixOverrides=",">
            <if test="id != null">
                #{id,jdbcType=BIGINT},
            </if>
            <if test="title != null">
                #{title,jdbcType=VARCHAR},
            </if>
            <if test="name != null">
                #{name,jdbcType=VARCHAR},
            </if>
            <if test="type != null">
                #{type,jdbcType=VARCHAR},
            </if>
            <if test="interpretion != null">
                #{interpretion,jdbcType=VARCHAR},
            </if>
        </trim>
    </insert>
</mapper>