<?xml version="1.0" encoding="UTF-8" ?>
<!DOCTYPE mapper PUBLIC "-//mybatis.org//DTD Mapper 3.0//EN" "http://mybatis.org/dtd/mybatis-3-mapper.dtd" >
<mapper namespace="com.example.second.dao.LiveDao">
    <resultMap id="BaseResultMap" type="com.example.second.entity.Live">
        <id column="id" property="id" jdbcType="BIGINT"/>
        <result column="title" property="title" jdbcType="VARCHAR"/>
        <result column="content" property="content" jdbcType="VARCHAR"/>
        <result column="type" property="type" jdbcType="VARCHAR"/>
        <result column="date" property="date" jdbcType="DATE"/>
    </resultMap>
    <sql id="Base_Column_List">
        id, title, content, type, date
    </sql>

    <select id="findAllLives" resultType="com.example.second.entity.Live">
        select * from live
    </select>

    <insert id="addLive" parameterType="com.example.second.entity.Live">
        insert into live
        <trim prefix="(" suffix=")" suffixOverrides=",">
            <if test="id != null">
                id,
            </if>
            <if test="title != null">
                title,
            </if>
            <if test="content != null">
                content,
            </if>
            <if test="type != null">
                type,
            </if>
            <if test="date != null">
                date,
            </if>
        </trim>
        <trim prefix="values (" suffix=")" suffixOverrides=",">
            <if test="id != null">
                #{id,jdbcType=BIGINT},
            </if>
            <if test="title != null">
                #{title,jdbcType=VARCHAR},
            </if>
            <if test="content != null">
                #{content,jdbcType=VARCHAR},
            </if>
            <if test="type != null">
                #{type,jdbcType=VARCHAR},
            </if>
            <if test="date != null">
                #{date,jdbcType=DATE},
            </if>
        </trim>
    </insert>
</mapper>