<?xml version="1.0" encoding="UTF-8" ?>
<!DOCTYPE mapper PUBLIC "-//mybatis.org//DTD Mapper 3.0//EN" "http://mybatis.org/dtd/mybatis-3-mapper.dtd" >
<mapper namespace="com.example.second.dao.SpecialDao">
    <resultMap id="BaseResultMap" type="com.example.second.entity.Special">
        <id column="uid" property="uid" jdbcType="BIGINT"/>
        <result column="title" property="title" jdbcType="VARCHAR"/>
        <result column="date" property="date" jdbcType="DATE"/>
        <result column="content" property="content" jdbcType="VARCHAR"/>
    </resultMap>
    <sql id="Base_Column_List">
        uid, title, date, content
    </sql>

    <select id="findAllSpecials" resultType="com.example.second.entity.Special">
        select * from special
    </select>

    <select id="findSpecialByTitle" parameterType="java.lang.String" resultMap="BaseResultMap">
        select * from special where title = #{title,jdbcType=VARCHAR}
    </select>

    <delete id="deleteSpecialsByIds">
        delete from special where uid in
        <foreach collection="ids" item="id" separator="," open="(" close=")">
            #{id}
        </foreach>
    </delete>

    <select id="getCountSpecials" resultType="java.lang.Integer">
        select count(uid) as count from special
    </select>

    <select id="selectByPrimaryKey" resultMap="BaseResultMap" parameterType="java.lang.Long">
        select
        <include refid="Base_Column_List"/>
        from special
        where uid = #{uid,jdbcType=BIGINT}
    </select>
    <delete id="deleteSpecialById" parameterType="java.lang.Long">
        delete from special
        where uid = #{uid,jdbcType=BIGINT}
    </delete>

    <insert id="insert" parameterType="com.example.second.entity.Special">
        insert into special (uid, title, date,
                                content)
        values (#{uid,jdbcType=BIGINT}, #{title,jdbcType=VARCHAR}, #{date,jdbcType=DATE},
                #{content,jdbcType=VARCHAR})
    </insert>
    <insert id="addSpecial" parameterType="com.example.second.entity.Special">
        insert into special
        <trim prefix="(" suffix=")" suffixOverrides=",">
            <if test="uid != null">
                uid,
            </if>
            <if test="title != null">
                title,
            </if>
            <if test="date != null">
                date,
            </if>
            <if test="content != null">
                content,
            </if>
        </trim>
        <trim prefix="values (" suffix=")" suffixOverrides=",">
            <if test="uid != null">
                #{uid,jdbcType=BIGINT},
            </if>
            <if test="title != null">
                #{title,jdbcType=VARCHAR},
            </if>
            <if test="date != null">
                #{date,jdbcType=DATE},
            </if>
            <if test="content != null">
                #{content,jdbcType=VARCHAR},
            </if>
        </trim>
    </insert>
    <update id="updateSpecial" parameterType="com.example.second.entity.Special">
        update special
        <set>
            <if test="title != null">
                title = #{title,jdbcType=VARCHAR},
            </if>
            <if test="date != null">
                date = #{date,jdbcType=DATE},
            </if>
            <if test="content != null">
                content = #{content,jdbcType=VARCHAR},
            </if>
        </set>
        where uid = #{uid,jdbcType=BIGINT}
    </update>
    <update id="updateByPrimaryKey" parameterType="com.example.second.entity.Special">
        update special
        set title = #{title,jdbcType=VARCHAR},
            date = #{date,jdbcType=DATE},
            content = #{content,jdbcType=VARCHAR}
        where uid = #{uid,jdbcType=BIGINT}
    </update>
</mapper>