<!DOCTYPE mapper
        PUBLIC "-//mybatis.org//DTD Mapper 3.0//EN"
        "http://mybatis.org/dtd/mybatis-3-mapper.dtd">
<mapper namespace="com.example.second.dao.UserDao">
    <resultMap id="BaseResultMap" type="com.example.second.entity.User" >
        <id column="id" property="id" jdbcType="INTEGER" />
        <result column="name" property="name" jdbcType="VARCHAR" />
        <result column="phone" property="phone" jdbcType="CHAR" />
        <result column="telephone" property="telephone" jdbcType="VARCHAR" />
        <result column="address" property="address" jdbcType="VARCHAR" />
        <result column="enabled" property="enabled" jdbcType="BIT" />
        <result column="username" property="username" jdbcType="VARCHAR" />
        <result column="password" property="password" jdbcType="VARCHAR" />
        <result column="registTime" property="registTime" jdbcType="VARCHAR" />
    </resultMap>

    <sql id="Base_Column_List" >
    id, name, phone, telephone, address, enabled, username, password, registTime
    </sql>

   <select id="loadUserByUsername" resultMap="BaseResultMap">
    select * from user where username=#{username};
   </select>

    <select id="getRolesById" resultType="com.example.second.entity.Role">
        select r.* from role r,user_role ur where ur.rid = r.id and ur.uid = #{id}
    </select>

    <select id="findAllUsers" resultType="com.example.second.entity.User">
        select * from user;
    </select>

    <delete id="deleteUserById" parameterType="java.lang.Integer">
        delete from user where id=#{id}
    </delete>

    <insert id="addUser" parameterType="com.example.second.entity.User">
        insert into user
        <trim prefix="(" suffix=")" suffixOverrides="," >
            <if test="id != null" >
                id,
            </if>
            <if test="name != null" >
                name,
            </if>
            <if test="phone != null" >
                phone,
            </if>
            <if test="telephone != null" >
                telephone,
            </if>
            <if test="address != null" >
                address,
            </if>
            <if test="enabled != null" >
                enabled,
            </if>
            <if test="username != null" >
                username,
            </if>
            <if test="password != null" >
                password,
            </if>
            <if test="registTime != null" >
                registTime,
            </if>
        </trim>
        <trim prefix="values (" suffix=")" suffixOverrides="," >
            <if test="id != null" >
                #{id,jdbcType=INTEGER},
            </if>
            <if test="name != null" >
                #{name,jdbcType=VARCHAR},
            </if>
            <if test="phone != null" >
                #{phone,jdbcType=CHAR},
            </if>
            <if test="telephone != null" >
                #{telephone,jdbcType=VARCHAR},
            </if>
            <if test="address != null" >
                #{address,jdbcType=VARCHAR},
            </if>
            <if test="enabled != null" >
                #{enabled,jdbcType=BIT},
            </if>
            <if test="username != null" >
                #{username,jdbcType=VARCHAR},
            </if>
            <if test="password != null" >
                #{password,jdbcType=VARCHAR},
            </if>
            <if test="registTime != null" >
                #{registTime,jdbcType=VARCHAR},
            </if>
        </trim>
    </insert>

    <select id="selectByPrimaryKey" resultMap="BaseResultMap" parameterType="java.lang.Integer" >
        select
        <include refid="Base_Column_List" />
        from user
        where id = #{id,jdbcType=INTEGER}
    </select>

    <select id="getUserByName" parameterType="com.example.second.entity.User" resultMap="BaseResultMap">
        select *
        from user
        where username = #{username}
    </select>

    <delete id="deleteByPrimaryKey" parameterType="java.lang.Integer" >
    delete from user
    where id = #{id,jdbcType=INTEGER}
  </delete>
    <insert id="insert" parameterType="com.example.second.entity.User" useGeneratedKeys="true" keyProperty="id">
    insert into user (id,enabled,
      username, password,
      registTime)
    values (#{id,jdbcType=INTEGER}, #{enabled,jdbcType=BIT},
      #{username,jdbcType=VARCHAR}, #{password,jdbcType=VARCHAR}, #{registTime,jdbcType=VARCHAR})
  </insert>
    <insert id="insert_role" parameterType="com.example.second.entity.UserRole">
        insert into user_role (uid,rid)
        values (#{uid,jdbcType=INTEGER}, #{rid,jdbcType=INTEGER});
    </insert>
    <insert id="insertSelective" parameterType="com.example.second.entity.User" >
        insert into user
        <trim prefix="(" suffix=")" suffixOverrides="," >
            <if test="id != null" >
                id,
            </if>
            <if test="name != null" >
                name,
            </if>
            <if test="phone != null" >
                phone,
            </if>
            <if test="telephone != null" >
                telephone,
            </if>
            <if test="address != null" >
                address,
            </if>
            <if test="enabled != null" >
                enabled,
            </if>
            <if test="username != null" >
                username,
            </if>
            <if test="password != null" >
                password,
            </if>
            <if test="registTime != null" >
                registTime,
            </if>
        </trim>
        <trim prefix="values (" suffix=")" suffixOverrides="," >
            <if test="id != null" >
                #{id,jdbcType=INTEGER},
            </if>
            <if test="name != null" >
                #{name,jdbcType=VARCHAR},
            </if>
            <if test="phone != null" >
                #{phone,jdbcType=CHAR},
            </if>
            <if test="telephone != null" >
                #{telephone,jdbcType=VARCHAR},
            </if>
            <if test="address != null" >
                #{address,jdbcType=VARCHAR},
            </if>
            <if test="enabled != null" >
                #{enabled,jdbcType=BIT},
            </if>
            <if test="username != null" >
                #{username,jdbcType=VARCHAR},
            </if>
            <if test="password != null" >
                #{password,jdbcType=VARCHAR},
            </if>
            <if test="registTime != null" >
                #{registTime,jdbcType=VARCHAR},
            </if>
        </trim>
    </insert>
    <update id="updateUser" parameterType="com.example.second.entity.User" >
        update user
        <set >
            <if test="name != null" >
                name = #{name,jdbcType=VARCHAR},
            </if>
            <if test="phone != null" >
                phone = #{phone,jdbcType=CHAR},
            </if>
            <if test="telephone != null" >
                telephone = #{telephone,jdbcType=VARCHAR},
            </if>
            <if test="address != null" >
                address = #{address,jdbcType=VARCHAR},
            </if>
            <if test="enabled != null" >
                enabled = #{enabled,jdbcType=BIT},
            </if>
            <if test="username != null" >
                username = #{username,jdbcType=VARCHAR},
            </if>
            <if test="password != null" >
                password = #{password,jdbcType=VARCHAR},
            </if>
            <if test="registTime != null" >
                registTime = #{registTime,jdbcType=VARCHAR},
            </if>
        </set>
        where id = #{id,jdbcType=INTEGER}
    </update>
    <update id="updateByPrimaryKey" parameterType="com.example.second.entity.User" >
    update user
    set name = #{name,jdbcType=VARCHAR},
      phone = #{phone,jdbcType=CHAR},
      telephone = #{telephone,jdbcType=VARCHAR},
      address = #{address,jdbcType=VARCHAR},
      enabled = #{enabled,jdbcType=BIT},
      username = #{username,jdbcType=VARCHAR},
      password = #{password,jdbcType=VARCHAR},
      registTime = #{registTime,jdbcType=VARCHAR}
    where id = #{id,jdbcType=INTEGER}
  </update>
</mapper>    